Item,Quantity,Reference,Part,Manufacturer's part number,manufacturer,pcb footprint,supplier,supplier ref.,Purchase Link,Datasheet,Unit Price,multiple price
1,1,U1,MCU,CC2650MODAMOHT,TI,"29-SMD Module, Exposed Pad",Digi-Key,296-44805-6-ND,https://www.digikey.com/product-detail/en/texas-instruments/CC2650MODAMOHT/296-44805-6-ND/6204683,http://www.ti.com/lit/ds/symlink/cc2650moda.pdf,12.09,10.941
2,1,U2,IMU ,ICM-20948,TDK Invensense,,Digi-Key,1428-1123-6-ND,https://www.digikey.com/product-detail/en/tdk-invensense/ICM-20948/1428-1123-6-ND/7062699,https://store.invensense.com/datasheets/invensense/DS-000189-ICM-20948-v1.2.pdf,8.68,6.856
3,1,U3,1.8V GPS,ORG1411-PM01,OriginGPS,,Embedded Works,ORG1411-PM01,http://www.embeddedworks.net/satl212.html,,24.05,22.35
4,1,U4,filter,NFA31GD1004704,Murata,1206 (3216 Metric),Mouser,81-NFA31GD1004704D,http://www2.mouser.com/ProductDetail/Murata-Electronics/NFA31GD1004704D/?qs=sGAEpiMZZMtZ6zFgbd3eExlkCYgTiiNprW6HTGg%252bMoM%3d,http://www.mouser.com/ds/2/281/L0113S0137NFA31G-275593.pdf,0.952,0.721
5,1,U5,1.8V memory,MT29F2G01ABBGDWB-IT:G TR,Micron,8-UDFN,Digi-Key,557-1665-1-ND,https://www.digikey.com/product-detail/en/micron-technology-inc/MT29F2G01ABBGDWB-IT-G-TR/557-1665-1-ND/6207204,,3.19,3.19
6,1,U7,Switching Regulator,MAX1921EUT18+T,Maxim,SOT-23-6,Digi-Key,MAX1921EUT18+T-ND,https://www.digikey.com/product-detail/en/maxim-integrated/MAX1921EUT18-T/MAX1921EUT18-T-ND/1520208,https://datasheets.maximintegrated.com/en/ds/MAX1920-MAX1921.pdf,3.22,3.035
7,5,"C1, C2, C3, C4, C5",0.1uF,C0603X5R1C104K030BC,TDK,0201 (0603 Metric),Digi-Key,445-7313-6-ND,https://www.digikey.com/product-detail/en/tdk-corporation/C0603X5R1C104K030BC/445-7313-6-ND/2734023,MLCC Part Number Guide,0.1,0.014
8,1,C7,5600pF,GRM155R71H562KA88D,Murata,0402 (1005 Metric),Digi-Key,490-6364-1-ND,https://www.digikey.com/product-detail/en/murata-electronics-north-america/GRM155R71H562KA88D/490-6364-1-ND/3845561,http://search.murata.co.jp/Ceramy/image/img/A01X/G101/ENG/GRM155R71H562KA88-01.pdf,0.1,0.013
9,2,"C6, C8",4.7uF,C1608X5R1E106M080AC,TDK,0603 (1608 Metric),Digi-Key,445-9015-6-ND,https://www.digikey.com/product-detail/en/tdk-corporation/C1608X5R1E106M080AC/445-9015-6-ND/3648715,"C Series, General Datasheet",0.28,0.19
10,6,"R1, R2, R4, R5, R8, R9",10k,RC0201JR-0710KL,Yageo,0201 (0603 Metric),Digi-Key,311-10KNCT-ND,https://www.digikey.com/product-detail/en/yageo/RC0201JR-0710KL/311-10KNCT-ND/1949007,http://www.yageo.com.tw/exep/pages/download/literatures/PYu-R_INT-thick_7.pdf,0.1,0.014
11,1,R3,220R,P220LCT-ND,Panasonic,0402 (1005 Metric),Digi-Key,ERJ-2RKF2200X,https://www.digikey.com/product-detail/en/panasonic-electronic-components/ERJ-2RKF2200X/P220LCT-ND/1746651,https://industrial.panasonic.com/cdbs/www-data/pdf/RDA0000/AOA0000C298.pdf,0.1,0.028
12,1,R7,2k2,CRCW02012K20JNED,Vishay,0201 (0603 Metric),Digi-Key,541-2.2KAGDKR-ND,https://www.digikey.com/product-detail/en/vishay-dale/CRCW02012K20JNED/541-2.2KAGDKR-ND/1185772,http://www.vishay.com/docs/20052/crcw0201e3.pdf,0.14,0.121
13,1,R10,4.75k,RC0402FR-074K75L,Yageo,0402 (1005 Metric),Digi-Key,311-4.75KLCT-ND,https://www.digikey.com/product-detail/en/yageo/RC0402FR-074K75L/311-4.75KLCT-ND/2827885,http://www.yageo.com.tw/exep/pages/download/literatures/PYu-R_INT-thick_7.pdf,0.1,0.014
14,1,SW,Slide switch,PCM12SMTR,C&K,,Digi-Key,401-2016-1-ND,http://www.digikey.com/product-detail/en/c-k/PCM12SMTR/401-2016-1-ND/1640125,http://www.ckswitches.com/media/1424/pcm.pdf,0.86,0.829
15,1,L,4.7uH,VLS252012HBU-4R7M,TDK,1008 (2520 Metric),Digi-Key,445-174597-2-ND,http://www.digikey.com/product-detail/en/tdk-corporation/VLS252012HBU-4R7M/445-174597-1-ND/6152629,https://product.tdk.com/info/en/catalog/datasheets/inductor_commercial_power_vls252012hbu_en.pdf,0.6,0.529
16,1,R12,0 ohms,RC0402JR-070RL,Yageo,0402 (1005 Metric),Digi-Key,311-0.0JRCT-ND,https://www.digikey.com/product-detail/en/yageo/RC0402JR-070RL/311-0.0JRCT-ND/729353,http://www.yageo.com.tw/exep/pages/download/literatures/PYu-R_INT-thick_7.pdf,0.1,0.01
17,1,LED,Green,LP L296-J2L2-25-Z,OSRAM,0603 (1608 Metric),Digi-Key,475-2920-1-ND,https://www.digikey.com/product-detail/en/osram-opto-semiconductors-inc/LP-L296-J2L2-25-Z/475-2920-1-ND/2424965,http://www.osram-os.com/Graphics/XPic5/00077128_0.pdf,0.48,0.346
DNS,1,R14,150R,RC0402JR-07150RL,Yageo,0402 (1005 Metric),Digi-Key,311-150JRDKR-ND,https://www.digikey.com/product-detail/en/yageo/RC0402JR-07150RL/311-150JRDKR-ND/732318,http://www.yageo.com/documents/recent/PYu-RC_Group_51_RoHS_L_7.pdf,0.1,0.012
DNS,1,P1-4,Pressure ,MS583730BA01-50,Measurement Specialties,,Mouser,824-MS583730BA01-50,http://www2.mouser.com/ProductDetail/TE-Connectivity/MS583730BA01-50/?qs=SvmF4ZFxmIz%2f53mFym%252bZPQ%3d%3d,http://www.mouser.com/ds/2/418/MS5837-30BA-736494.pdf,22.04,18
DNS,1,R6,2k2,CRCW02012K20JNED,Vishay,0201 (0603 Metric),Digi-Key,541-2.2KAGDKR-ND,https://www.digikey.com/product-detail/en/vishay-dale/CRCW02012K20JNED/541-2.2KAGDKR-ND/1185772,http://www.vishay.com/docs/20052/crcw0201e3.pdf,0.14,0.121