<?xml version="1.0" encoding="UTF-8"?>
<!--  This file conforms to the DTD xdc/bld/release.dtd -->
<release name="ti_npi" label="default" date="1462329753207" buildCount="45" producerId="undefined">
<package name="ti.npi"
    version="1, 0, 0"/>
<imports>
</imports>
<references>
    <package name="xdc"
        version="1, 1, 1, 1449624895255"
        providerId="xdccore">
        <file name="IPackage.xdc"/>
        <file name="IPackage.xs"/>
        <file name="Warnings.xs"/>
        <file name="om2.xs"/>
        <file name="package.xs"/>
        <file name="std.h"/>
        <file name="template.xs"/>
        <file name="utils.js"/>
        <file name="xdc.tci"/>
        <file name="xmlgen.xs"/>
        <file name="xmlgen2.xs"/>
    </package>
    <package name="xdc.services.global"
        version="1, 0, 0, 1449625038320"
        providerId="xdccore">
        <file name="Clock.xs"/>
        <file name="Trace.xs"/>
        <file name="java/package.jar"/>
    </package>
    <package name="xdc.bld"
        version="1, 0, 2, 1449624907828"
        providerId="xdccore">
        <file name="BuildEnvironment.xs"/>
        <file name="Configuration.xs"/>
        <file name="Executable.xs"/>
        <file name="ITarget.xs"/>
        <file name="ITarget2.xs"/>
        <file name="ITarget3.xs"/>
        <file name="ITargetFilter.xs"/>
        <file name="Library.xs"/>
        <file name="Manifest.xs"/>
        <file name="PackageContents.xs"/>
        <file name="Repository.xs"/>
        <file name="Script.xs"/>
        <file name="Utils.xs"/>
        <file name="_gen.xs"/>
        <file name="bld.js"/>
        <file name="package.xs"/>
    </package>
    <package name="ti.targets"
        version="1, 0, 3, 1456446091000"
        providerId="/db/vtree/library/trees/zumaprod/zumaprod-j08/exports/tirtos_full_2_16_00_08/products/bios_6_45_01_29/packages">
        <file name="C28_float.xs"/>
        <file name="C28_large.xs"/>
        <file name="ITarget.xs"/>
        <file name="package.xs"/>
        <file name="select.h"/>
        <file name="std.h"/>
    </package>
    <package name="ti.targets.arm.elf"
        version="1, 0, 0, 1456446093000"
        providerId="/db/vtree/library/trees/zumaprod/zumaprod-j08/exports/tirtos_full_2_16_00_08/products/bios_6_45_01_29/packages">
        <file name="IArm.xs"/>
        <file name="package.xs"/>
        <file name="std.h"/>
    </package>
    <package name="xdc.services.intern.cmd"
        version="1, 0, 0, 1449625073074"
        providerId="xdccore">
        <file name="java/package.jar"/>
    </package>
    <package name="xdc.shelf"
        version="1, 0, 0, 1449625162069"
        providerId="xdccore">
        <file name="java/antlr.jar"/>
        <file name="java/ecj.jar"/>
        <file name="java/js.jar"/>
        <file name="java/tar.jar"/>
    </package>
    <package name="xdc.services.intern.xsr"
        version="1, 0, 0, 1449625086761"
        providerId="xdccore">
        <file name="java/package.jar"/>
    </package>
    <package name="xdc.services.spec"
        version="1, 0, 0, 1449625113628"
        providerId="xdccore">
        <file name="java/package.jar"/>
    </package>
    <package name="xdc.services.intern.gen"
        version="1, 0, 0, 1449625079795"
        providerId="xdccore">
        <file name="java/package.jar"/>
    </package>
    <targetRoot base="/db/vendors/ti/arm/5.2.5/Linux/"
        trgs="ti.targets.arm.elf.M3">
        <file name="include/_lock.h"/>
        <file name="include/linkage.h"/>
        <file name="include/stdarg.h"/>
        <file name="include/stdbool.h"/>
        <file name="include/stddef.h"/>
        <file name="include/stdint.h"/>
        <file name="include/stdlib.h"/>
        <file name="include/string.h"/>
        <file name="include/yvals.h"/>
    </targetRoot>
    <package name="ti.sysbios.hal"
        version="2, 0, 0, 0, 1456445996000"
        providerId="/db/vtree/library/trees/zumaprod/zumaprod-j08/exports/tirtos_full_2_16_00_08/products/bios_6_45_01_29/packages">
        <file name="Hwi.h"/>
        <file name="Hwi__epilogue.h"/>
        <file name="Hwi__prologue.h"/>
        <file name="package/Hwi_HwiProxy.h"/>
        <file name="package/package.defs.h"/>
    </package>
    <package name="ti.sysbios.knl"
        version="2, 0, 0, 0, 1456446026000"
        providerId="/db/vtree/library/trees/zumaprod/zumaprod-j08/exports/tirtos_full_2_16_00_08/products/bios_6_45_01_29/packages">
        <file name="Clock.h"/>
        <file name="Event.h"/>
        <file name="Event__epilogue.h"/>
        <file name="Event__prologue.h"/>
        <file name="Queue.h"/>
        <file name="Semaphore.h"/>
        <file name="Swi.h"/>
        <file name="Task.h"/>
        <file name="Task__epilogue.h"/>
        <file name="Task__prologue.h"/>
        <file name="package/Clock_TimerProxy.h"/>
        <file name="package/Task_SupportProxy.h"/>
        <file name="package/package.defs.h"/>
    </package>
    <package name="xdc.runtime"
        version="2, 1, 0, 1449625001507"
        providerId="xdccore">
        <file name="Assert.h"/>
        <file name="Assert__epilogue.h"/>
        <file name="Assert__prologue.h"/>
        <file name="Diags.h"/>
        <file name="Diags__epilogue.h"/>
        <file name="Diags__prologue.h"/>
        <file name="Error.h"/>
        <file name="Error__epilogue.h"/>
        <file name="Error__prologue.h"/>
        <file name="IGateProvider.h"/>
        <file name="IHeap.h"/>
        <file name="IInstance.h"/>
        <file name="IModule.h"/>
        <file name="Log.h"/>
        <file name="Log__epilogue.h"/>
        <file name="Log__prologue.h"/>
        <file name="Main.h"/>
        <file name="Memory.h"/>
        <file name="Text.h"/>
        <file name="Types.h"/>
        <file name="Types__epilogue.h"/>
        <file name="Types__prologue.h"/>
        <file name="package/Main_Module_GateProxy.h"/>
        <file name="package/Memory_HeapProxy.h"/>
        <file name="package/package.defs.h"/>
        <file name="xdc.h"/>
    </package>
    <package name="ti.sysbios.interfaces"
        version="2, 0, 0, 0, 1456446017000"
        providerId="/db/vtree/library/trees/zumaprod/zumaprod-j08/exports/tirtos_full_2_16_00_08/products/bios_6_45_01_29/packages">
        <file name="IHwi.h"/>
        <file name="ITaskSupport.h"/>
        <file name="ITimer.h"/>
        <file name="package/package.defs.h"/>
    </package>
    <package name="ti.sysbios.family.arm.m3"
        version="2, 0, 0, 0, 1456445879000"
        providerId="/db/vtree/library/trees/zumaprod/zumaprod-j08/exports/tirtos_full_2_16_00_08/products/bios_6_45_01_29/packages">
        <file name="Hwi.h"/>
        <file name="Hwi__epilogue.h"/>
        <file name="Hwi__prologue.h"/>
        <file name="package/package.defs.h"/>
    </package>
    <package name="ti.sysbios.family.c28"
        version="2, 0, 0, 0, 1456445926000"
        providerId="/db/vtree/library/trees/zumaprod/zumaprod-j08/exports/tirtos_full_2_16_00_08/products/bios_6_45_01_29/packages">
        <file name="Hwi.h"/>
        <file name="Hwi__epilogue.h"/>
        <file name="Hwi__prologue.h"/>
        <file name="package/package.defs.h"/>
    </package>
    <package name="ti.sysbios.family.arm.gic"
        version="2, 0, 0, 0, 1456445867000"
        providerId="/db/vtree/library/trees/zumaprod/zumaprod-j08/exports/tirtos_full_2_16_00_08/products/bios_6_45_01_29/packages">
        <file name="Hwi.h"/>
        <file name="Hwi__epilogue.h"/>
        <file name="Hwi__prologue.h"/>
        <file name="package/package.defs.h"/>
    </package>
    <package name="ti.sysbios"
        version="2, 0, 0, 0, 1456445779000"
        providerId="/db/vtree/library/trees/zumaprod/zumaprod-j08/exports/tirtos_full_2_16_00_08/products/bios_6_45_01_29/packages">
        <file name="BIOS.h"/>
        <file name="BIOS__epilogue.h"/>
        <file name="BIOS__prologue.h"/>
        <file name="package/BIOS_RtsGateProxy.h"/>
        <file name="package/package.defs.h"/>
    </package>
    <package name="ti.drivers"
        version="1, 0, 0, 1456447988000"
        providerId="/db/vtree/library/trees/zumaprod/zumaprod-j08/exports/tirtos_full_2_16_00_08/products/tidrivers_full_2_16_00_08/packages">
        <file name="PIN.h"/>
        <file name="Power.h"/>
        <file name="SPI.h"/>
        <file name="UART.h"/>
        <file name="pin/PINCC26XX.h"/>
        <file name="power/PowerCC26XX.h"/>
        <file name="uart/UARTCC26XX.h"/>
        <file name="utils/List.h"/>
    </package>
    <xdcRoot base="/db/rtree/library/trees/xdcprod/xdcprod-v06/product/Linux/xdctools_3_32_00_06/">
        <file name="/packages/xdc/package.xdc"/>
        <xdcCorePkg version="16, 0, 2, 1449624941057" producerId="/db/ztree/library/trees/xdc/xdc-B06/src/packages" buildCount="1" releaseName="xdc_corevers" label="default" date="1449624941057"/>
    </xdcRoot>
</references>
<orphans>
    <file name="/db/atree/cring/sap/sap-a/sap.bld"/>
    <file name="/db/vtree/library/trees/zumaprod/zumaprod-j08/exports/tirtos_full_2_16_00_08/products/cc26xxware_2_23_01_16780/inc/hw_memmap.h"/>
    <file name="/db/vtree/library/trees/zumaprod/zumaprod-j08/exports/tirtos_full_2_16_00_08/products/cc26xxware_2_23_01_16780/inc/hw_ints.h"/>
    <file name="/db/vtree/library/trees/zumaprod/zumaprod-j08/exports/tirtos_full_2_16_00_08/products/cc26xxware_2_23_01_16780/driverlib/ioc.h"/>
    <file name="/db/vtree/library/trees/zumaprod/zumaprod-j08/exports/tirtos_full_2_16_00_08/products/cc26xxware_2_23_01_16780/driverlib/gpio.h"/>
    <file name="/db/vtree/library/trees/zumaprod/zumaprod-j08/exports/tirtos_full_2_16_00_08/products/cc26xxware_2_23_01_16780/inc/hw_types.h"/>
    <file name="/db/vtree/library/trees/zumaprod/zumaprod-j08/exports/tirtos_full_2_16_00_08/products/cc26xxware_2_23_01_16780/inc/hw_ioc.h"/>
    <file name="/db/vtree/library/trees/zumaprod/zumaprod-j08/exports/tirtos_full_2_16_00_08/products/cc26xxware_2_23_01_16780/driverlib/interrupt.h"/>
    <file name="/db/vtree/library/trees/zumaprod/zumaprod-j08/exports/tirtos_full_2_16_00_08/products/cc26xxware_2_23_01_16780/driverlib/debug.h"/>
    <file name="/db/vtree/library/trees/zumaprod/zumaprod-j08/exports/tirtos_full_2_16_00_08/products/cc26xxware_2_23_01_16780/driverlib/rom.h"/>
    <file name="/db/vtree/library/trees/zumaprod/zumaprod-j08/exports/tirtos_full_2_16_00_08/products/cc26xxware_2_23_01_16780/inc/hw_gpio.h"/>
    <file name="/db/vtree/library/trees/zumaprod/zumaprod-j08/exports/tirtos_full_2_16_00_08/products/cc26xxware_2_23_01_16780/inc/hw_fcfg1.h"/>
    <file name="/db/vtree/library/trees/zumaprod/zumaprod-j08/exports/tirtos_full_2_16_00_08/products/cc26xxware_2_23_01_16780/driverlib/chipinfo.h"/>
    <file name="/db/vtree/library/trees/zumaprod/zumaprod-j08/exports/tirtos_full_2_16_00_08/products/cc26xxware_2_23_01_16780/inc/hw_chip_def.h"/>
    <file name="/db/vtree/library/trees/zumaprod/zumaprod-j08/exports/tirtos_full_2_16_00_08/products/cc26xxware_2_23_01_16780/inc/hw_nvic.h"/>
    <file name="/db/vtree/library/trees/zumaprod/zumaprod-j08/exports/tirtos_full_2_16_00_08/products/cc26xxware_2_23_01_16780/driverlib/cpu.h"/>
    <file name="/db/vtree/library/trees/zumaprod/zumaprod-j08/exports/tirtos_full_2_16_00_08/products/cc26xxware_2_23_01_16780/inc/hw_cpu_scs.h"/>
    <file name="/db/vtree/library/trees/zumaprod/zumaprod-j08/exports/tirtos_full_2_16_00_08/products/cc26xxware_2_23_01_16780/driverlib/uart.h"/>
    <file name="/db/vtree/library/trees/zumaprod/zumaprod-j08/exports/tirtos_full_2_16_00_08/products/cc26xxware_2_23_01_16780/inc/hw_uart.h"/>
</orphans>
</release>
