<?xml version="1.0" encoding="UTF-8"?>
<!--  This file conforms to the DTD xdc/bld/build.dtd -->
<package name="ti.sap" version="1, 0, 0" producerId="undefined">
    <units>
    </units>
    <sources>
        <srcFile name="package/package_ti.sap.c"/>
        <srcFile name="sap.c"/>
        <srcFile name="snp_rpc_synchro.c"/>
        <srcFile name="npi_ss_ble_sap.c"/>
        <srcFile name="snp_rpc.c"/>
    </sources>
    <configscripts>
    </configscripts>
    <makefiles>
        <srcFile name="package.mak" src="package.bld"/>
        <srcFile name="package/package.xdc.dep" src="package.xdc"/>
        <srcFile name="package/package.cfg.dep" src="package.xdc"/>
        <srcFile name="lib/debug/sap_uart_pm.aem3.mak" src="package.bld"/>
        <srcFile name="package/lib/lib/debug/sap_uart_pm/package/package_ti.sap.oem3.dep" src="package/package_ti.sap.c"/>
        <srcFile name="package/lib/lib/debug/sap_uart_pm/sap.oem3.dep" src="sap.c"/>
        <srcFile name="package/lib/lib/debug/sap_uart_pm/snp_rpc_synchro.oem3.dep" src="snp_rpc_synchro.c"/>
        <srcFile name="package/lib/lib/debug/sap_uart_pm/npi_ss_ble_sap.oem3.dep" src="npi_ss_ble_sap.c"/>
        <srcFile name="package/lib/lib/debug/sap_uart_pm/snp_rpc.oem3.dep" src="snp_rpc.c"/>
        <srcFile name="lib/debug/sap_uart.aem3.mak" src="package.bld"/>
        <srcFile name="package/lib/lib/debug/sap_uart/package/package_ti.sap.oem3.dep" src="package/package_ti.sap.c"/>
        <srcFile name="package/lib/lib/debug/sap_uart/sap.oem3.dep" src="sap.c"/>
        <srcFile name="package/lib/lib/debug/sap_uart/snp_rpc_synchro.oem3.dep" src="snp_rpc_synchro.c"/>
        <srcFile name="package/lib/lib/debug/sap_uart/npi_ss_ble_sap.oem3.dep" src="npi_ss_ble_sap.c"/>
        <srcFile name="package/lib/lib/debug/sap_uart/snp_rpc.oem3.dep" src="snp_rpc.c"/>
        <srcFile name="lib/debug/sap_spi_pm.aem3.mak" src="package.bld"/>
        <srcFile name="package/lib/lib/debug/sap_spi_pm/package/package_ti.sap.oem3.dep" src="package/package_ti.sap.c"/>
        <srcFile name="package/lib/lib/debug/sap_spi_pm/sap.oem3.dep" src="sap.c"/>
        <srcFile name="package/lib/lib/debug/sap_spi_pm/snp_rpc_synchro.oem3.dep" src="snp_rpc_synchro.c"/>
        <srcFile name="package/lib/lib/debug/sap_spi_pm/npi_ss_ble_sap.oem3.dep" src="npi_ss_ble_sap.c"/>
        <srcFile name="package/lib/lib/debug/sap_spi_pm/snp_rpc.oem3.dep" src="snp_rpc.c"/>
        <srcFile name="lib/debug/sap_spi.aem3.mak" src="package.bld"/>
        <srcFile name="package/lib/lib/debug/sap_spi/package/package_ti.sap.oem3.dep" src="package/package_ti.sap.c"/>
        <srcFile name="package/lib/lib/debug/sap_spi/sap.oem3.dep" src="sap.c"/>
        <srcFile name="package/lib/lib/debug/sap_spi/snp_rpc_synchro.oem3.dep" src="snp_rpc_synchro.c"/>
        <srcFile name="package/lib/lib/debug/sap_spi/npi_ss_ble_sap.oem3.dep" src="npi_ss_ble_sap.c"/>
        <srcFile name="package/lib/lib/debug/sap_spi/snp_rpc.oem3.dep" src="snp_rpc.c"/>
        <srcFile name="lib/release/sap_uart_pm.aem3.mak" src="package.bld"/>
        <srcFile name="package/lib/lib/release/sap_uart_pm/package/package_ti.sap.oem3.dep" src="package/package_ti.sap.c"/>
        <srcFile name="package/lib/lib/release/sap_uart_pm/sap.oem3.dep" src="sap.c"/>
        <srcFile name="package/lib/lib/release/sap_uart_pm/snp_rpc_synchro.oem3.dep" src="snp_rpc_synchro.c"/>
        <srcFile name="package/lib/lib/release/sap_uart_pm/npi_ss_ble_sap.oem3.dep" src="npi_ss_ble_sap.c"/>
        <srcFile name="package/lib/lib/release/sap_uart_pm/snp_rpc.oem3.dep" src="snp_rpc.c"/>
        <srcFile name="lib/release/sap_uart.aem3.mak" src="package.bld"/>
        <srcFile name="package/lib/lib/release/sap_uart/package/package_ti.sap.oem3.dep" src="package/package_ti.sap.c"/>
        <srcFile name="package/lib/lib/release/sap_uart/sap.oem3.dep" src="sap.c"/>
        <srcFile name="package/lib/lib/release/sap_uart/snp_rpc_synchro.oem3.dep" src="snp_rpc_synchro.c"/>
        <srcFile name="package/lib/lib/release/sap_uart/npi_ss_ble_sap.oem3.dep" src="npi_ss_ble_sap.c"/>
        <srcFile name="package/lib/lib/release/sap_uart/snp_rpc.oem3.dep" src="snp_rpc.c"/>
        <srcFile name="lib/release/sap_spi_pm.aem3.mak" src="package.bld"/>
        <srcFile name="package/lib/lib/release/sap_spi_pm/package/package_ti.sap.oem3.dep" src="package/package_ti.sap.c"/>
        <srcFile name="package/lib/lib/release/sap_spi_pm/sap.oem3.dep" src="sap.c"/>
        <srcFile name="package/lib/lib/release/sap_spi_pm/snp_rpc_synchro.oem3.dep" src="snp_rpc_synchro.c"/>
        <srcFile name="package/lib/lib/release/sap_spi_pm/npi_ss_ble_sap.oem3.dep" src="npi_ss_ble_sap.c"/>
        <srcFile name="package/lib/lib/release/sap_spi_pm/snp_rpc.oem3.dep" src="snp_rpc.c"/>
        <srcFile name="lib/release/sap_spi.aem3.mak" src="package.bld"/>
        <srcFile name="package/lib/lib/release/sap_spi/package/package_ti.sap.oem3.dep" src="package/package_ti.sap.c"/>
        <srcFile name="package/lib/lib/release/sap_spi/sap.oem3.dep" src="sap.c"/>
        <srcFile name="package/lib/lib/release/sap_spi/snp_rpc_synchro.oem3.dep" src="snp_rpc_synchro.c"/>
        <srcFile name="package/lib/lib/release/sap_spi/npi_ss_ble_sap.oem3.dep" src="npi_ss_ble_sap.c"/>
        <srcFile name="package/lib/lib/release/sap_spi/snp_rpc.oem3.dep" src="snp_rpc.c"/>
        <srcFile name="package/rel/ti_sap.tar.gz.dep" src="package/rel/ti_sap.xdc.inc"/>
    </makefiles>
    <targets>
        <target name="ti.targets.arm.elf.M3"
            version="ti.targets.arm.elf.M3{1,0,5.2,5"
            rawVersion="5.2.5"
            platform="ti.platforms.simCM3"
            isa="v7M"
            suffix="em3"
            rootDir="/db/vendors/ti/arm/5.2.5/Linux"
            os="undefined"
            rts="ti.targets.arm.rtsarm">
            <model endian="little"
                codeModel="thumb2"
                dataModel="undefined"/>
        </target>
    </targets>
    <libraries>
    <library name="lib/debug/sap_uart_pm"
        pname="lib/debug/sap_uart_pm.aem3"
        profile="debug"
        target="ti.targets.arm.elf.M3"/>
    <library name="lib/debug/sap_uart"
        pname="lib/debug/sap_uart.aem3"
        profile="debug"
        target="ti.targets.arm.elf.M3"/>
    <library name="lib/debug/sap_spi_pm"
        pname="lib/debug/sap_spi_pm.aem3"
        profile="debug"
        target="ti.targets.arm.elf.M3"/>
    <library name="lib/debug/sap_spi"
        pname="lib/debug/sap_spi.aem3"
        profile="debug"
        target="ti.targets.arm.elf.M3"/>
    <library name="lib/release/sap_uart_pm"
        pname="lib/release/sap_uart_pm.aem3"
        profile="release"
        target="ti.targets.arm.elf.M3"/>
    <library name="lib/release/sap_uart"
        pname="lib/release/sap_uart.aem3"
        profile="release"
        target="ti.targets.arm.elf.M3"/>
    <library name="lib/release/sap_spi_pm"
        pname="lib/release/sap_spi_pm.aem3"
        profile="release"
        target="ti.targets.arm.elf.M3"/>
    <library name="lib/release/sap_spi"
        pname="lib/release/sap_spi.aem3"
        profile="release"
        target="ti.targets.arm.elf.M3"/>
    </libraries>
    <configurations>
    </configurations>
    <executables>
    </executables>
    <tests>
    </tests>
    <releases relDir="package/rel/">
    <release name="ti_sap"
        pname="ti_sap.tar.gz"
        label="default"
    >
        <file name="package/package.bld.xml"/>
        <file name="package/build.cfg"/>
        <file name="package/package.xdc.inc"/>
        <file name="package/package.cfg.xdc.inc"/>
        <file name="lib/debug/sap_uart_pm.aem3"/>
        <file name="lib/debug/sap_uart.aem3"/>
        <file name="lib/debug/sap_spi_pm.aem3"/>
        <file name="lib/debug/sap_spi.aem3"/>
        <file name="lib/release/sap_uart_pm.aem3"/>
        <file name="lib/release/sap_uart.aem3"/>
        <file name="lib/release/sap_spi_pm.aem3"/>
        <file name="lib/release/sap_spi.aem3"/>
    </release>
    </releases>
    <repositories>
    </repositories>
</package>
